date,tag,asset,downloads
2026-09-28,v0.1.1,appcast.xml,0
2026-09-28,v0.1.1,Parrot-0.1.1.dmg,0
2026-09-28,v0.1.1,Parrot-0.1.1.dmg.sha256,0
2026-09-28,v0.1.1,Parrot-0.1.1.zip,0
2026-09-28,v0.1.1,Parrot.dmg,0
2026-09-28,v0.1.1,Parrot.dmg.sha256,0
2026-09-28,v0.1.0,appcast.xml,2
2026-09-28,v0.1.0,Parrot-0.1.0.dmg,0
2026-09-28,v0.1.0,Parrot-0.1.0.dmg.sha256,0
2026-09-28,v0.1.0,Parrot-0.1.0.zip,0
2026-09-28,v0.1.0,Parrot.dmg,5
2026-09-28,v0.1.0,Parrot.dmg.sha256,0
2026-09-28,v0.0.5,parrot-macos-arm64.tar.gz,1477
2026-09-28,v0.0.5,parrot-macos-arm64.tar.gz.sha256,132
2026-09-28,v0.0.4,parrot-macos-arm64.tar.gz,6
2026-09-28,v0.0.4,parrot-macos-arm64.tar.gz.sha256,0
2026-09-28,v0.0.3,parrot-macos-arm64.tar.gz,3
2026-09-28,v0.0.3,parrot-macos-arm64.tar.gz.sha256,0
2026-09-28,v0.0.2,parrot-macos-arm64.tar.gz,2
2026-09-28,v0.0.2,parrot-macos-arm64.tar.gz.sha256,0
2026-09-28,v0.0.1,parrot-macos-arm64.tar.gz,2
2026-09-28,v0.0.1,parrot-macos-arm64.tar.gz.sha256,0
